normalMode,distanceBetweenBridges_m,massDensityOfString_kg/m,massOfHanger_kg,tensionInString_N,notch,frequency_Hz
1,0.50,0.00184,3.00,29.43,1,74.527
1,0.50,0.00184,3.00,29.43,2,105.366
1,0.50,0.00184,3.00,29.43,3,125.925
1,0.50,0.00184,3.00,29.43,4,151.624
1,0.50,0.00184,3.00,29.43,5,167.044